t,cond,avgDb,wpm,text
5.206,1,-120.0,0.0,
5.206,1,-120.0,0.0,
5.206,1,-120.0,0.0,
5.206,1,-120.0,0.0,
5.206,1,-120.0,0.0,
5.206,1,-120.0,0.0,
5.206,1,-120.0,0.0,
5.206,1,-120.0,0.0,
5.206,1,-120.0,0.0,
5.206,1,-120.0,0.0,
5.206,1,-120.0,0.0,
5.206,1,-120.0,0.0,
5.206,1,-120.0,0.0,
5.206,1,-120.0,0.0,
5.206,1,-120.0,0.0,
5.206,1,-120.0,0.0,
5.206,1,-120.0,0.0,
5.206,1,-120.0,0.0,
5.206,1,-120.0,0.0,
5.206,1,-120.0,0.0,
5.206,1,-120.0,0.0,
5.206,1,-120.0,0.0,
5.206,1,-120.0,0.0,
5.206,1,-120.0,0.0,
5.206,1,-120.0,0.0,
5.206,1,-120.0,0.0,
5.206,1,-120.0,0.0,
5.206,1,-120.0,0.0,
5.206,1,-120.0,0.0,
5.206,1,-120.0,0.0,
5.206,1,-120.0,0.0,
5.206,1,-120.0,0.0,
5.206,1,-120.0,0.0,
5.206,1,-120.0,0.0,
5.206,1,-120.0,0.0,
5.206,1,-120.0,0.0,
5.206,1,-120.0,0.0,
5.206,1,-120.0,0.0,
5.206,1,-120.0,0.0,
5.206,1,-120.0,0.0,
5.206,1,-120.0,0.0,
5.206,1,-120.0,0.0,
5.206,1,-120.0,0.0,
5.206,1,-120.0,0.0,
5.206,1,-120.0,0.0,
5.206,1,-120.0,0.0,
5.206,1,-120.0,0.0,
5.206,1,-120.0,0.0,
5.206,1,-120.0,0.0,
5.206,1,-120.0,0.0,
5.206,1,-120.0,0.0,
5.206,1,-120.0,0.0,
5.206,1,-120.0,0.0,
5.302,1,-120.0,0.0,
5.414,1,-78.3,0.0,
5.512,1,-14.9,0.0,
5.609,1,-15.0,0.0,
5.706,1,-14.0,0.0,
5.802,1,-29.2,0.0,
5.907,1,-18.7,0.0,
6.000,1,-31.5,0.0,
6.111,1,-16.1,0.0,
6.210,1,-16.5,0.0,
6.307,1,-20.1,0.0,
6.404,1,-54.9,0.0,
6.504,1,-26.3,0.0,
6.614,1,-53.8,0.0,
6.712,1,-18.1,0.0,
6.821,1,-19.2,0.0,
6.904,1,-27.5,0.0,
7.002,1,-18.0,0.0,
7.113,1,-35.7,0.0,
7.211,1,-32.0,0.0,
7.309,1,-28.0,0.0,
7.407,1,-19.5,0.0,
7.504,1,-15.2,0.0,
7.602,1,-49.8,0.0,
7.700,1,-22.4,0.0,
7.812,1,-14.5,0.0,
7.909,1,-19.6,0.0,
8.007,1,-13.9,0.0,
8.104,1,-18.0,0.0,
8.201,1,-37.8,0.0,
8.312,1,-29.0,0.0,
8.410,1,-51.6,0.0,
8.507,1,-85.2,0.0,
8.603,1,-97.4,0.0,
8.702,1,-120.0,0.0,
8.814,1,-120.0,0.0,
8.911,1,-120.0,0.0,
9.009,1,-120.0,0.0,
9.106,1,-120.0,0.0,
9.204,1,-120.0,0.0,
9.302,1,-120.0,0.0,
9.413,1,-120.0,0.0,
9.510,1,-96.4,0.0,
9.608,1,-24.4,0.0,
9.706,1,-19.9,0.0,
9.803,1,-37.0,0.0,
9.900,1,-18.8,0.0,
10.012,1,-32.6,0.0,
10.110,1,-14.1,0.0,
10.207,1,-19.9,0.0,
10.304,1,-55.8,0.0,
10.402,1,-23.3,0.0,
10.501,1,-26.9,0.0,
10.611,1,-28.7,0.0,
10.709,1,-25.1,0.0,
10.806,1,-18.3,0.0,
10.903,1,-25.9,0.0,
11.001,1,-25.4,0.0,
11.113,1,-20.4,0.0,
11.210,1,-36.2,0.0,
11.307,1,-31.2,0.0,
11.405,1,-19.7,0.0,
11.503,1,-28.2,0.0,
11.600,1,-16.8,0.0,
11.711,1,-23.0,0.0,
11.810,1,-25.0,0.0,
11.906,1,-32.1,0.0,
12.004,1,-64.4,0.0,
12.102,1,-90.1,0.0,
12.213,1,-120.0,0.0,
12.310,1,-120.0,0.0,
12.408,1,-120.0,0.0,
12.505,1,-120.0,0.0,
12.603,1,-120.0,0.0,
12.701,1,-120.0,0.0,
12.812,1,-120.0,0.0,
12.909,1,-94.4,0.0,
13.007,1,-25.0,0.0,
13.104,1,-13.5,0.0,
13.201,1,-14.1,0.0,
13.313,1,-17.4,0.0,
13.410,1,-13.6,0.0,
13.508,1,-14.1,0.0,
13.605,1,-16.8,0.0,
13.702,1,-17.8,0.0,
13.801,1,-35.8,0.0,
13.911,1,-30.9,0.0,
14.009,1,-21.9,0.0,
14.106,1,-32.8,0.0,
14.204,1,-38.1,0.0,
14.302,1,-36.7,0.0,
14.413,1,-22.9,0.0,
14.510,1,-36.7,0.0,
14.608,1,-22.4,0.0,
14.705,1,-25.4,0.0,
14.803,1,-25.8,0.0,
14.900,1,-65.1,0.0,
15.012,1,-95.5,0.0,
15.109,1,-120.0,0.0,
15.207,1,-120.0,0.0,
15.304,1,-120.0,0.0,
15.402,1,-120.0,0.0,
15.514,1,-120.0,0.0,
15.611,1,-120.0,0.0,
15.708,1,-120.0,0.0,
15.805,1,-120.0,0.0,
15.903,1,-120.0,0.0,
16.014,1,-120.0,0.0,
16.111,1,-120.0,0.0,
16.209,1,-120.0,0.0,
16.306,1,-120.0,0.0,
16.404,1,-120.0,0.0,
16.502,1,-120.0,0.0,
16.612,1,-120.0,0.0,
16.710,1,-120.0,0.0,
16.808,1,-120.0,0.0,
16.905,1,-120.0,0.0,
17.003,1,-120.0,0.0,
17.101,1,-120.0,0.0,
17.211,1,-120.0,0.0,
17.309,1,-120.0,0.0,
17.406,1,-120.0,0.0,
17.504,1,-120.0,0.0,
17.602,1,-120.0,0.0,
17.713,1,-120.0,0.0,
17.810,1,-120.0,0.0,
17.908,1,-120.0,0.0,
18.006,1,-120.0,0.0,
18.103,1,-120.0,0.0,
18.214,1,-120.0,0.0,
18.311,1,-120.0,0.0,
18.409,1,-120.0,0.0,
18.506,1,-120.0,0.0,
18.603,1,-120.0,0.0,
18.701,1,-120.0,0.0,
18.812,1,-120.0,0.0,
18.910,1,-120.0,0.0,
19.007,1,-120.0,0.0,
19.105,1,-120.0,0.0,
19.202,1,-120.0,0.0,
19.314,1,-120.0,0.0,
19.411,1,-120.0,0.0,
19.509,1,-120.0,0.0,
19.606,1,-120.0,0.0,
19.704,1,-120.0,0.0,
19.801,1,-120.0,0.0,
19.912,1,-120.0,0.0,
20.010,1,-120.0,0.0,
20.108,1,-120.0,0.0,
20.205,1,-120.0,0.0,
20.302,1,-120.0,0.0,
20.400,1,-120.0,0.0,
20.511,1,-120.0,0.0,
20.609,1,-120.0,0.0,
20.706,1,-120.0,0.0,
20.803,1,-120.0,0.0,
20.901,1,-120.0,0.0,
21.012,1,-120.0,0.0,
21.110,1,-120.0,0.0,
21.207,1,-120.0,0.0,
21.305,1,-120.0,0.0,
21.402,1,-120.0,0.0,
21.513,1,-120.0,0.0,
21.612,1,-120.0,0.0,
21.708,1,-120.0,0.0,
21.806,1,-120.0,0.0,
21.904,1,-120.0,0.0,
22.001,1,-120.0,0.0,
22.112,1,-120.0,0.0,
22.210,1,-120.0,0.0,
22.307,1,-120.0,0.0,
22.404,1,-120.0,0.0,
22.502,1,-120.0,0.0,
22.613,1,-120.0,0.0,
22.711,1,-120.0,0.0,
22.808,1,-120.0,0.0,
22.906,1,-120.0,0.0,
23.003,1,-120.0,0.0,
23.101,1,-120.0,0.0,
23.213,1,-120.0,0.0,
23.310,1,-120.0,0.0,
23.406,1,-120.0,0.0,
23.504,1,-120.0,0.0,
23.603,1,-120.0,0.0,
23.713,1,-120.0,0.0,
23.810,1,-120.0,0.0,
23.908,1,-120.0,0.0,
24.005,1,-120.0,0.0,
24.103,1,-120.0,0.0,
24.201,1,-120.0,0.0,
24.312,1,-120.0,0.0,
24.409,1,-120.0,0.0,
24.506,1,-120.0,0.0,
24.604,1,-120.0,0.0,
24.701,1,-120.0,0.0,
24.813,1,-120.0,0.0,
24.911,1,-120.0,0.0,
25.007,1,-120.0,0.0,
25.105,1,-120.0,0.0,
25.203,1,-120.0,0.0,
25.314,1,-120.0,0.0,
25.412,1,-120.0,0.0,
25.509,1,-120.0,0.0,
25.607,1,-120.0,0.0,
25.704,1,-120.0,0.0,
25.801,1,-120.0,0.0,
25.913,1,-120.0,0.0,
26.010,1,-120.0,0.0,
26.108,1,-120.0,0.0,
26.205,1,-120.0,0.0,
26.303,1,-120.0,0.0,
26.400,1,-120.0,0.0,
26.512,1,-120.0,0.0,
26.609,1,-120.0,0.0,
26.707,1,-120.0,0.0,
26.804,1,-120.0,0.0,
26.901,1,-120.0,0.0,
27.013,1,-120.0,0.0,
27.110,1,-120.0,0.0,
27.208,1,-120.0,0.0,
27.305,1,-120.0,0.0,
27.403,1,-120.0,0.0,
27.500,1,-120.0,0.0,
27.611,1,-120.0,0.0,
27.709,1,-120.0,0.0,
27.806,1,-120.0,0.0,
27.903,1,-120.0,0.0,
28.001,1,-120.0,0.0,
28.112,1,-120.0,0.0,
28.210,1,-120.0,0.0,
28.307,1,-120.0,0.0,
28.405,1,-120.0,0.0,
28.502,1,-120.0,0.0,
28.613,1,-120.0,0.0,
28.711,1,-120.0,0.0,
28.809,1,-120.0,0.0,
28.906,1,-120.0,0.0,
29.003,1,-120.0,0.0,
29.101,1,-120.0,0.0,
29.212,1,-120.0,0.0,
29.310,1,-120.0,0.0,
29.407,1,-120.0,0.0,
29.505,1,-120.0,0.0,
29.602,1,-120.0,0.0,
29.713,1,-120.0,0.0,
29.811,1,-120.0,0.0,
29.908,1,-120.0,0.0,
30.007,1,-120.0,0.0,
30.103,1,-120.0,0.0,
30.201,1,-120.0,0.0,
30.312,1,-120.0,0.0,
30.409,1,-120.0,0.0,
30.507,1,-120.0,0.0,
30.604,1,-120.0,0.0,
30.702,1,-120.0,0.0,
30.813,1,-120.0,0.0,
30.911,1,-120.0,0.0,
31.008,1,-120.0,0.0,
31.106,1,-120.0,0.0,
31.203,1,-120.0,0.0,
31.301,1,-120.0,0.0,
31.412,1,-120.0,0.0,
31.509,1,-120.0,0.0,
31.663,1,-39.5,0.0,
31.704,1,-41.9,0.0,
31.802,1,-42.7,0.0,
31.913,1,-45.3,0.0,
32.011,1,-46.7,0.0,
32.108,1,-48.1,0.0,
32.205,1,-49.8,0.0,
32.303,1,-51.3,0.0,
32.400,1,-53.0,0.0,
32.512,1,-56.1,0.0,
32.609,1,-58.7,0.0,
32.707,1,-62.5,0.0,
32.804,1,-67.9,0.0,
32.902,1,-74.1,0.0,
33.013,1,-83.0,0.0,
33.111,1,-40.1,0.0,
33.201,1,-41.6,0.0,
33.305,1,-43.0,0.0,
33.403,1,-45.3,0.0,
33.501,1,-46.8,0.0,
33.611,1,-48.2,0.0,
33.709,1,-49.8,0.0,
33.806,1,-51.3,0.0,
33.904,1,-53.4,0.0,
34.001,1,-56.0,0.0,
34.113,1,-59.0,0.0,
34.210,1,-62.8,0.0,
34.308,1,-67.8,0.0,
34.405,1,-74.2,0.0,
34.502,1,-81.2,0.0,
34.600,1,-43.5,0.0,
34.712,1,-42.0,0.0,
34.810,1,-43.2,0.0,
34.906,1,-45.4,0.0,
35.004,1,-46.7,0.0,
35.101,1,-48.4,0.0,
35.213,1,-50.1,0.0,
35.310,1,-51.6,0.0,
35.408,1,-53.7,0.0,
35.504,1,-56.4,0.0,
35.602,1,-58.5,0.0,
35.714,1,-63.5,0.0,
35.811,1,-68.4,0.0,
35.909,1,-74.5,0.0,
36.006,1,-82.2,0.0,
36.103,1,-45.2,0.0,
36.201,1,-42.1,0.0,
36.313,1,-43.8,0.0,
36.410,1,-45.5,0.0,
36.547,1,-48.3,0.0,
36.605,1,-48.5,0.0,
36.702,1,-50.2,0.0,
36.814,1,-51.8,0.0,
36.911,1,-54.0,0.0,
37.008,1,-56.6,0.0,
37.106,1,-58.9,0.0,
37.203,1,-62.5,0.0,
37.300,1,-67.7,0.0,
37.412,1,-75.4,0.0,
37.510,1,-82.0,0.0,
37.608,1,-40.1,0.0,
37.704,1,-42.2,0.0,
37.802,1,-43.0,0.0,
37.913,1,-45.6,0.0,
38.010,1,-47.1,0.0,
38.107,1,-48.5,0.0,
38.206,1,-50.2,0.0,
38.303,1,-51.7,0.0,
38.414,1,-53.7,0.0,
38.512,1,-56.5,0.0,
38.609,1,-59.0,0.0,
38.706,1,-120.0,0.0,
38.804,1,-120.0,0.0,
38.901,1,-120.0,0.0,
39.063,1,-120.0,0.0,
39.111,1,-120.0,0.0,
39.207,1,-120.0,0.0,
39.304,1,-97.3,0.0,
39.402,1,-29.5,0.0,
39.513,1,-18.3,0.0,
39.611,1,-55.3,0.0,
39.708,1,-15.9,0.0,
39.807,1,-19.1,0.0,
39.903,1,-51.2,0.0,
40.002,1,-28.8,0.0,
40.101,1,-19.6,0.0,
40.204,1,-22.8,0.0,
40.305,1,-24.1,0.0,
40.403,1,-16.1,0.0,
40.514,1,-27.7,0.0,
40.612,1,-20.6,0.0,
40.710,1,-17.6,0.0,
40.807,1,-33.0,0.0,
40.905,1,-27.3,0.0,
41.003,1,-33.7,0.0,
41.100,1,-65.2,0.0,
41.212,1,-95.2,0.0,
41.309,1,-120.0,0.0,
41.406,1,-120.0,0.0,
41.504,1,-120.0,0.0,
41.602,1,-120.0,0.0,
41.712,1,-120.0,0.0,
41.810,1,-120.0,0.0,
41.908,1,-120.0,0.0,
42.005,1,-96.5,0.0,
42.103,1,-32.3,0.0,
42.200,1,-18.8,0.0,
42.312,1,-37.3,0.0,
42.409,1,-17.4,0.0,
42.507,1,-18.1,0.0,
42.604,1,-26.4,0.0,
42.702,1,-16.9,0.0,
42.813,1,-14.7,0.0,
42.910,1,-19.1,0.0,
43.007,1,-27.4,0.0,
43.105,1,-19.3,0.0,
43.201,1,-23.5,0.0,
43.300,1,-61.8,0.0,
43.411,1,-12.8,0.0,
43.509,1,-24.1,0.0,
43.606,1,-15.3,0.0,
43.704,1,-20.7,0.0,
43.802,1,-24.9,0.0,
43.913,1,-19.3,0.0,
44.011,1,-15.7,0.0,
44.108,1,-17.8,0.0,
44.206,1,-29.9,0.0,
44.303,1,-24.5,0.0,
44.401,1,-15.0,0.0,
44.512,1,-15.8,0.0,
44.609,1,-26.9,0.0,
44.707,1,-24.4,0.0,
44.805,1,-26.4,0.0,
44.902,1,-24.9,0.0,
45.013,1,-62.2,0.0,
45.111,1,-95.5,0.0,
45.208,1,-120.0,0.0,
45.306,1,-120.0,0.0,
45.403,1,-120.0,0.0,
45.500,1,-120.0,0.0,
45.612,1,-120.0,0.0,
45.710,1,-120.0,0.0,
45.807,1,-120.0,0.0,
45.905,1,-95.4,0.0,
46.002,1,-37.1,0.0,
46.114,1,-16.4,0.0,
46.211,1,-15.4,0.0,
46.308,1,-17.9,0.0,
46.406,1,-19.1,0.0,
46.504,1,-25.1,0.0,
46.601,1,-16.0,0.0,
46.712,1,-15.5,0.0,
46.810,1,-21.8,0.0,
46.907,1,-17.4,0.0,
47.005,1,-23.8,0.0,
47.102,1,-20.1,0.0,
47.214,1,-55.1,0.0,
47.311,1,-38.9,0.0,
47.408,1,-16.2,0.0,
47.506,1,-27.3,0.0,
47.603,1,-17.9,0.0,
47.701,1,-15.1,0.0,
47.812,1,-26.0,0.0,
47.909,1,-36.1,0.0,
48.007,1,-24.0,0.0,
48.104,1,-34.6,0.0,
48.202,1,-19.4,0.0,
48.313,1,-18.9,0.0,
48.411,1,-33.5,0.0,
48.508,1,-18.3,0.0,
48.606,1,-18.2,0.0,
48.703,1,-17.0,0.0,
48.800,1,-36.1,0.0,
48.912,1,-14.9,0.0,
49.009,1,-19.9,0.0,
49.106,1,-28.3,0.0,
49.205,1,-17.5,0.0,
49.302,1,-25.3,0.0,
49.413,1,-27.6,0.0,
49.511,1,-23.9,0.0,
49.608,1,-32.6,0.0,
49.706,1,-64.2,0.0,
49.806,1,-96.3,0.0,
49.903,1,-120.0,0.0,
50.012,1,-120.0,0.0,
50.109,1,-120.0,0.0,
50.207,1,-120.0,0.0,
50.304,1,-120.0,0.0,
50.401,1,-120.0,0.0,
50.512,1,-120.0,0.0,
50.610,1,-120.0,0.0,
50.708,1,-120.0,0.0,
50.805,1,-120.0,0.0,
50.903,1,-120.0,0.0,
51.000,1,-120.0,0.0,
51.112,1,-120.0,0.0,
51.209,1,-120.0,0.0,
51.305,1,-120.0,0.0,
51.404,1,-120.0,0.0,
51.501,1,-120.0,0.0,
51.612,1,-120.0,0.0,
51.710,1,-120.0,0.0,
51.807,1,-120.0,0.0,
51.905,1,-120.0,0.0,
52.002,1,-120.0,0.0,
52.114,1,-120.0,0.0,
52.211,1,-120.0,0.0,
52.309,1,-120.0,0.0,
52.406,1,-120.0,0.0,
52.504,1,-120.0,0.0,
52.601,1,-120.0,0.0,
52.714,1,-120.0,0.0,
52.811,1,-120.0,0.0,
52.908,1,-120.0,0.0,
53.005,1,-120.0,0.0,
53.102,1,-120.0,0.0,
53.214,1,-120.0,0.0,
53.311,1,-120.0,0.0,
53.408,1,-120.0,0.0,
53.506,1,-120.0,0.0,
53.603,1,-120.0,0.0,
53.701,1,-120.0,0.0,
53.813,1,-120.0,0.0,
53.910,1,-120.0,0.0,
54.007,1,-120.0,0.0,
54.105,1,-120.0,0.0,
54.202,1,-120.0,0.0,
54.300,1,-120.0,0.0,
54.411,1,-120.0,0.0,
54.508,1,-120.0,0.0,
54.606,1,-120.0,0.0,
54.704,1,-120.0,0.0,
54.801,1,-120.0,0.0,
54.912,1,-120.0,0.0,
55.010,1,-120.0,0.0,
55.108,1,-120.0,0.0,
55.205,1,-120.0,0.0,
55.302,1,-120.0,0.0,
55.400,1,-120.0,0.0,
55.511,1,-120.0,0.0,
55.609,1,-120.0,0.0,
55.706,1,-120.0,0.0,
55.803,1,-120.0,0.0,
55.915,1,-120.0,0.0,
56.012,1,-120.0,0.0,
56.110,1,-120.0,0.0,
56.207,1,-120.0,0.0,
56.304,1,-120.0,0.0,
56.402,1,-120.0,0.0,
56.514,1,-120.0,0.0,
56.611,1,-120.0,0.0,
56.708,1,-120.0,0.0,
56.805,1,-120.0,0.0,
56.903,1,-120.0,0.0,
57.000,1,-120.0,0.0,
57.112,1,-120.0,0.0,
57.209,1,-120.0,0.0,
57.307,1,-120.0,0.0,
57.404,1,-120.0,0.0,
57.502,1,-120.0,0.0,
57.613,1,-120.0,0.0,
57.710,1,-120.0,0.0,
57.808,1,-120.0,0.0,
57.905,1,-120.0,0.0,
58.003,1,-120.0,0.0,
58.100,1,-120.0,0.0,
58.212,1,-120.0,0.0,
58.309,1,-120.0,0.0,
58.407,1,-120.0,0.0,
58.504,1,-120.0,0.0,
58.602,1,-120.0,0.0,
58.713,1,-120.0,0.0,
58.810,1,-120.0,0.0,
58.908,1,-120.0,0.0,
59.006,1,-120.0,0.0,
59.103,1,-120.0,0.0,
59.200,1,-120.0,0.0,
59.312,1,-120.0,0.0,
59.409,1,-120.0,0.0,
59.506,1,-120.0,0.0,
59.605,1,-120.0,0.0,
59.702,1,-120.0,0.0,
59.813,1,-120.0,0.0,
59.911,1,-120.0,0.0,
60.008,1,-120.0,0.0,
60.106,1,-120.0,0.0,
60.203,1,-120.0,0.0,
60.300,1,-120.0,0.0,
60.411,1,-120.0,0.0,
60.509,1,-120.0,0.0,
60.607,1,-120.0,0.0,
60.704,1,-120.0,0.0,
60.801,1,-120.0,0.0,
60.913,1,-120.0,0.0,
61.011,1,-120.0,0.0,
61.108,1,-120.0,0.0,
61.205,1,-120.0,0.0,
61.303,1,-120.0,0.0,
61.400,1,-120.0,0.0,
61.511,1,-120.0,0.0,
61.609,1,-120.0,0.0,
61.706,1,-120.0,0.0,
61.803,1,-120.0,0.0,
61.901,1,-120.0,0.0,
62.012,1,-120.0,0.0,
62.110,1,-120.0,0.0,
62.207,1,-120.0,0.0,
62.305,1,-120.0,0.0,
62.402,1,-120.0,0.0,
62.514,1,-120.0,0.0,
62.611,1,-120.0,0.0,
62.708,1,-120.0,0.0,
62.806,1,-120.0,0.0,
62.903,1,-120.0,0.0,
63.001,1,-120.0,0.0,
63.113,1,-120.0,0.0,
63.210,1,-120.0,0.0,
63.307,1,-120.0,0.0,
63.404,1,-120.0,0.0,
63.502,1,-120.0,0.0,
63.613,1,-120.0,0.0,
63.711,1,-120.0,0.0,
63.809,1,-120.0,0.0,
63.906,1,-120.0,0.0,
64.003,1,-120.0,0.0,
64.101,1,-120.0,0.0,
64.213,1,-120.0,0.0,
64.310,1,-120.0,0.0,
64.408,1,-120.0,0.0,
64.505,1,-120.0,0.0,
64.602,1,-120.0,0.0,
64.700,1,-120.0,0.0,
64.812,1,-120.0,0.0,
64.909,1,-120.0,0.0,
65.006,1,-120.0,0.0,
65.103,1,-120.0,0.0,
65.201,1,-120.0,0.0,
65.312,1,-120.0,0.0,
65.410,1,-120.0,0.0,
65.507,1,-120.0,0.0,
65.605,1,-120.0,0.0,
65.701,1,-120.0,0.0,
65.813,1,-120.0,0.0,
65.911,1,-120.0,0.0,
66.008,1,-120.0,0.0,
66.106,1,-120.0,0.0,
66.203,1,-120.0,0.0,
66.301,1,-120.0,0.0,
66.412,1,-120.0,0.0,
66.509,1,-120.0,0.0,
66.607,1,-120.0,0.0,
66.704,1,-120.0,0.0,
66.802,1,-39.3,0.0,
66.913,1,-42.3,0.0,
67.010,1,-45.2,0.0,
67.108,1,-46.3,0.0,
67.206,1,-48.5,0.0,
67.303,1,-49.8,0.0,
67.400,1,-50.7,0.0,
67.512,1,-53.0,0.0,
67.609,1,-55.7,0.0,
67.707,1,-58.1,0.0,
67.803,1,-62.1,0.0,
67.901,1,-66.9,0.0,
68.013,1,-73.9,0.0,
68.110,1,-80.4,0.0,
68.209,1,-57.2,0.0,
68.305,1,-40.3,0.0,
68.403,1,-42.3,0.0,
68.500,1,-44.6,0.0,
68.612,1,-46.7,0.0,
68.709,1,-48.5,0.0,
68.807,1,-49.8,0.0,
68.904,1,-51.1,0.0,
69.001,1,-52.9,0.0,
69.112,1,-56.0,0.0,
69.210,1,-58.0,0.0,
69.308,1,-62.0,0.0,
69.405,1,-66.5,0.0,
69.502,1,-72.6,0.0,
69.600,1,-79.4,0.0,
69.711,1,-43.7,0.0,
69.809,1,-41.1,0.0,
69.906,1,-42.2,0.0,
70.004,1,-45.1,0.0,
70.102,1,-46.2,0.0,
70.212,1,-48.3,0.0,
70.310,1,-49.8,0.0,
70.407,1,-51.1,0.0,
70.505,1,-52.9,0.0,
70.603,1,-120.0,0.0,
70.700,1,-120.0,0.0,
70.811,1,-120.0,0.0,
70.909,1,-120.0,0.0,
71.006,1,-120.0,0.0,
71.104,1,-120.0,0.0,
71.201,1,-120.0,0.0,
71.313,1,-82.6,0.0,
71.410,1,-24.5,0.0,
71.507,1,-52.7,0.0,
71.605,1,-61.7,0.0,
71.702,1,-16.1,0.0,
71.800,1,-14.3,0.0,
71.911,1,-32.0,0.0,
72.009,1,-27.6,0.0,
72.106,1,-14.3,0.0,
72.203,1,-24.3,0.0,
72.301,1,-21.6,0.0,
72.412,1,-16.3,0.0,
72.509,1,-17.7,0.0,
72.607,1,-35.1,0.0,
72.704,1,-24.8,0.0,
72.802,1,-33.3,0.0,
72.900,1,-64.4,0.0,
73.011,1,-95.4,0.0,
73.108,1,-120.0,0.0,
73.206,1,-120.0,0.0,
73.303,1,-120.0,0.0,
73.401,1,-120.0,0.0,
73.512,1,-120.0,0.0,
73.609,1,-120.0,0.0,
73.707,1,-120.0,0.0,
73.804,1,-96.0,0.0,
73.902,1,-30.2,0.0,
74.000,1,-14.3,0.0,
74.110,1,-12.6,0.0,
74.208,1,-13.8,0.0,
74.306,1,-25.9,0.0,
74.403,1,-17.1,0.0,
74.501,1,-18.7,0.0,
74.612,1,-24.7,0.0,
74.709,1,-59.4,0.0,
74.807,1,-18.6,0.0,
74.904,1,-20.4,0.0,
75.002,1,-19.8,0.0,
75.113,1,-15.8,0.0,
75.211,1,-24.6,0.0,
75.308,1,-18.4,0.0,
75.406,1,-17.2,0.0,
75.503,1,-19.5,0.0,
75.600,1,-21.2,0.0,
75.712,1,-23.8,0.0,
75.809,1,-57.6,0.0,
75.907,1,-85.7,0.0,
76.005,1,-120.0,0.0,
76.101,1,-120.0,0.0,
76.213,1,-120.0,0.0,
76.310,1,-120.0,0.0,
76.408,1,-120.0,0.0,
76.506,1,-120.0,0.0,
76.603,1,-120.0,0.0,
76.701,1,-95.4,0.0,
76.811,1,-25.2,0.0,
76.909,1,-15.7,0.0,
77.007,1,-35.7,0.0,
77.105,1,-14.4,0.0,
77.202,1,-33.1,0.0,
77.313,1,-17.4,0.0,
77.411,1,-18.3,0.0,
77.508,1,-18.7,0.0,
77.605,1,-30.4,0.0,
77.703,1,-14.6,0.0,
77.801,1,-17.0,0.0,
77.911,1,-35.3,0.0,
78.009,1,-34.7,0.0,
78.106,1,-28.9,0.0,
78.204,1,-19.9,0.0,
78.301,1,-18.2,0.0,
78.413,1,-16.9,0.0,
78.510,1,-20.1,0.0,
78.608,1,-37.2,0.0,
78.705,1,-16.6,0.0,
78.803,1,-18.3,0.0,
78.900,1,-19.1,0.0,
79.012,1,-26.2,0.0,
79.109,1,-20.6,0.0,
79.207,1,-18.2,0.0,
79.304,1,-15.6,0.0,
79.401,1,-32.7,0.0,
79.513,1,-19.3,0.0,
79.610,1,-19.3,0.0,
79.708,1,-18.8,0.0,
79.805,1,-17.1,0.0,
79.902,1,-18.8,0.0,
80.000,1,-45.1,0.0,
80.111,1,-22.7,0.0,
80.208,1,-21.4,0.0,
80.306,1,-19.1,0.0,
80.404,1,-21.2,0.0,
80.501,1,-48.1,0.0,
80.612,1,-16.4,0.0,
80.710,1,-17.9,0.0,
80.808,1,-20.8,0.0,
80.904,1,-20.8,0.0,
81.002,1,-25.3,0.0,
81.100,1,-27.4,0.0,
81.210,1,-23.5,0.0,
81.308,1,-57.8,0.0,
81.406,1,-95.7,0.0,
81.504,1,-95.3,0.0,
81.601,1,-120.0,0.0,
81.713,1,-120.0,0.0,
81.810,1,-120.0,0.0,
81.908,1,-120.0,0.0,
82.005,1,-120.0,0.0,
82.102,1,-120.0,0.0,
82.199,1,-120.0,0.0,
82.311,1,-120.0,0.0,
82.409,1,-120.0,0.0,
82.506,1,-120.0,0.0,
82.604,1,-120.0,0.0,
82.701,1,-120.0,0.0,
82.812,1,-120.0,0.0,
82.909,1,-120.0,0.0,
83.007,1,-120.0,0.0,
83.105,1,-120.0,0.0,
83.202,1,-120.0,0.0,
83.300,1,-120.0,0.0,
83.411,1,-120.0,0.0,
83.508,1,-120.0,0.0,
83.605,1,-120.0,0.0,
83.703,1,-120.0,0.0,
83.801,1,-120.0,0.0,
83.912,1,-120.0,0.0,
84.010,1,-120.0,0.0,
84.107,1,-120.0,0.0,
84.204,1,-120.0,0.0,
84.302,1,-120.0,0.0,
84.399,1,-120.0,0.0,
84.512,1,-120.0,0.0,
84.608,1,-120.0,0.0,
84.705,1,-120.0,0.0,
84.803,1,-120.0,0.0,
84.901,1,-120.0,0.0,
85.012,1,-120.0,0.0,
85.109,1,-120.0,0.0,
85.206,1,-120.0,0.0,
85.304,1,-120.0,0.0,
85.402,1,-120.0,0.0,
85.499,1,-120.0,0.0,
85.611,1,-120.0,0.0,
85.710,1,-120.0,0.0,
85.805,1,-120.0,0.0,
85.903,1,-120.0,0.0,
86.000,1,-120.0,0.0,
86.111,1,-120.0,0.0,
86.209,1,-120.0,0.0,
86.307,1,-120.0,0.0,
86.403,1,-120.0,0.0,
86.502,1,-120.0,0.0,
86.612,1,-120.0,0.0,
86.710,1,-120.0,0.0,
86.808,1,-120.0,0.0,
86.905,1,-120.0,0.0,
87.002,1,-120.0,0.0,
87.100,1,-120.0,0.0,
87.212,1,-120.0,0.0,
87.309,1,-120.0,0.0,
87.406,1,-120.0,0.0,
87.504,1,-120.0,0.0,
87.601,1,-120.0,0.0,
87.713,1,-120.0,0.0,
87.810,1,-120.0,0.0,
87.907,1,-120.0,0.0,
88.005,1,-120.0,0.0,
88.103,1,-120.0,0.0,
88.200,1,-120.0,0.0,
88.311,1,-120.0,0.0,
88.409,1,-120.0,0.0,
88.506,1,-120.0,0.0,
88.603,1,-120.0,0.0,
88.701,1,-120.0,0.0,
88.812,1,-120.0,0.0,
88.910,1,-120.0,0.0,
89.007,1,-120.0,0.0,
89.105,1,-120.0,0.0,
89.202,1,-120.0,0.0,
89.299,1,-120.0,0.0,
89.411,1,-120.0,0.0,
89.508,1,-120.0,0.0,
89.607,1,-120.0,0.0,
89.703,1,-120.0,0.0,
89.801,1,-120.0,0.0,
89.912,1,-120.0,0.0,
90.010,1,-120.0,0.0,
90.107,1,-120.0,0.0,
90.205,1,-120.0,0.0,
90.302,1,-120.0,0.0,
90.400,1,-120.0,0.0,
90.511,1,-120.0,0.0,
90.608,1,-120.0,0.0,
90.706,1,-120.0,0.0,
90.803,1,-120.0,0.0,
90.901,1,-120.0,0.0,
91.012,1,-120.0,0.0,
91.109,1,-120.0,0.0,
91.207,1,-120.0,0.0,
91.305,1,-120.0,0.0,
91.402,1,-120.0,0.0,
91.499,1,-120.0,0.0,
91.611,1,-120.0,0.0,
91.708,1,-120.0,0.0,
91.805,1,-120.0,0.0,
91.903,1,-120.0,0.0,
92.000,1,-120.0,0.0,
92.112,1,-120.0,0.0,
92.209,1,-120.0,0.0,
92.307,1,-120.0,0.0,
92.404,1,-120.0,0.0,
92.501,1,-120.0,0.0,
92.599,1,-120.0,0.0,
92.711,1,-120.0,0.0,
92.808,1,-120.0,0.0,
92.905,1,-120.0,0.0,
93.002,1,-120.0,0.0,
93.100,1,-120.0,0.0,
93.212,1,-120.0,0.0,
93.309,1,-120.0,0.0,
93.407,1,-120.0,0.0,
93.504,1,-120.0,0.0,
93.602,1,-120.0,0.0,
93.699,1,-120.0,0.0,
93.811,1,-120.0,0.0,
93.908,1,-120.0,0.0,
94.006,1,-120.0,0.0,
94.104,1,-120.0,0.0,
94.201,1,-120.0,0.0,
94.312,1,-120.0,0.0,
94.409,1,-120.0,0.0,
94.507,1,-120.0,0.0,
94.604,1,-120.0,0.0,
94.701,1,-120.0,0.0,
94.813,1,-120.0,0.0,
94.910,1,-120.0,0.0,
95.007,1,-120.0,0.0,
95.105,1,-120.0,0.0,
95.202,1,-120.0,0.0,
95.300,1,-120.0,0.0,
95.411,1,-120.0,0.0,
95.509,1,-120.0,0.0,
95.607,1,-120.0,0.0,
95.704,1,-120.0,0.0,
95.801,1,-120.0,0.0,
95.913,1,-120.0,0.0,
96.010,1,-120.0,0.0,
96.108,1,-120.0,0.0,
96.205,1,-120.0,0.0,
96.302,1,-120.0,0.0,
96.401,1,-120.0,0.0,
96.511,1,-120.0,0.0,
96.609,1,-120.0,0.0,
96.706,1,-120.0,0.0,
96.804,1,-120.0,0.0,
96.901,1,-120.0,0.0,
97.013,1,-120.0,0.0,
97.110,1,-120.0,0.0,
97.207,1,-120.0,0.0,
97.304,1,-120.0,0.0,
97.402,1,-120.0,0.0,
97.514,1,-120.0,0.0,
97.611,1,-120.0,0.0,
97.709,1,-120.0,0.0,
97.806,1,-120.0,0.0,
97.903,1,-120.0,0.0,
98.001,1,-120.0,0.0,
98.111,1,-120.0,0.0,
98.209,1,-120.0,0.0,
98.307,1,-120.0,0.0,
98.404,1,-120.0,0.0,
98.503,1,-120.0,0.0,
98.600,1,-120.0,0.0,
98.711,1,-120.0,0.0,
98.808,1,-120.0,0.0,
98.906,1,-120.0,0.0,
99.004,1,-120.0,0.0,
99.101,1,-120.0,0.0,
99.213,1,-120.0,0.0,
99.310,1,-120.0,0.0,
99.407,1,-120.0,0.0,
99.505,1,-120.0,0.0,
99.602,1,-120.0,0.0,
99.700,1,-120.0,0.0,
99.812,1,-120.0,0.0,
99.909,1,-120.0,0.0,
100.006,1,-120.0,0.0,
100.103,1,-120.0,0.0,
100.201,1,-120.0,0.0,
100.312,1,-120.0,0.0,
100.410,1,-120.0,0.0,
100.508,1,-120.0,0.0,
100.605,1,-120.0,0.0,
100.702,1,-120.0,0.0,
100.800,1,-120.0,0.0,
100.911,1,-120.0,0.0,
101.009,1,-120.0,0.0,
101.106,1,-120.0,0.0,
101.203,1,-120.0,0.0,
101.300,1,-120.0,0.0,
101.412,1,-120.0,0.0,
101.509,1,-120.0,0.0,
101.607,1,-120.0,0.0,
101.704,1,-120.0,0.0,
101.802,1,-120.0,0.0,
101.900,1,-120.0,0.0,
102.011,1,-120.0,0.0,
102.109,1,-120.0,0.0,
102.206,1,-120.0,0.0,
102.303,1,-120.0,0.0,
102.401,1,-120.0,0.0,
102.512,1,-120.0,0.0,
102.610,1,-120.0,0.0,
102.708,1,-120.0,0.0,
102.805,1,-120.0,0.0,
102.901,1,-120.0,0.0,
102.999,1,-120.0,0.0,
103.111,1,-120.0,0.0,
103.208,1,-120.0,0.0,
103.305,1,-120.0,0.0,
103.403,1,-120.0,0.0,
103.501,1,-120.0,0.0,
103.612,1,-120.0,0.0,
103.709,1,-120.0,0.0,
103.807,1,-120.0,0.0,
103.904,1,-120.0,0.0,
104.001,1,-120.0,0.0,
104.113,1,-120.0,0.0,
104.210,1,-120.0,0.0,
104.308,1,-120.0,0.0,
104.406,1,-120.0,0.0,
104.502,1,-120.0,0.0,
104.600,1,-120.0,0.0,
104.712,1,-120.0,0.0,
104.809,1,-120.0,0.0,
104.906,1,-120.0,0.0,
105.004,1,-120.0,0.0,
105.102,1,-120.0,0.0,
105.199,1,-120.0,0.0,
105.312,1,-120.0,0.0,
105.408,1,-120.0,0.0,
105.508,1,-120.0,0.0,
105.602,1,-120.0,0.0,
105.714,1,-120.0,0.0,
105.811,1,-120.0,0.0,
105.909,1,-120.0,0.0,
106.006,1,-120.0,0.0,
106.104,1,-120.0,0.0,
106.201,1,-120.0,0.0,
106.313,1,-120.0,0.0,
106.410,1,-120.0,0.0,
106.507,1,-120.0,0.0,
106.605,1,-120.0,0.0,
106.702,1,-120.0,0.0,
106.800,1,-120.0,0.0,
106.911,1,-120.0,0.0,
107.009,1,-120.0,0.0,
107.106,1,-120.0,0.0,
107.204,1,-120.0,0.0,
107.301,1,-120.0,0.0,
107.412,1,-120.0,0.0,
107.510,1,-120.0,0.0,
107.608,1,-120.0,0.0,
107.705,1,-120.0,0.0,
107.803,1,-120.0,0.0,
107.900,1,-120.0,0.0,
108.011,1,-120.0,0.0,
108.109,1,-120.0,0.0,
108.206,1,-120.0,0.0,
108.304,1,-120.0,0.0,
108.401,1,-120.0,0.0,
108.512,1,-120.0,0.0,
108.610,1,-120.0,0.0,
108.707,1,-120.0,0.0,
108.805,1,-120.0,0.0,
108.902,1,-120.0,0.0,
108.999,1,-120.0,0.0,
109.111,1,-120.0,0.0,
109.208,1,-120.0,0.0,
109.306,1,-120.0,0.0,
109.404,1,-120.0,0.0,
109.501,1,-120.0,0.0,
109.612,1,-120.0,0.0,
109.710,1,-120.0,0.0,
109.807,1,-120.0,0.0,
109.904,1,-120.0,0.0,
110.002,1,-120.0,0.0,
110.099,1,-120.0,0.0,
110.210,1,-120.0,0.0,
110.308,1,-120.0,0.0,
110.406,1,-120.0,0.0,
110.503,1,-120.0,0.0,
110.601,1,-120.0,0.0,
110.712,1,-120.0,0.0,
110.810,1,-120.0,0.0,
110.907,1,-120.0,0.0,
111.005,1,-120.0,0.0,
111.102,1,-120.0,0.0,
111.199,1,-120.0,0.0,
111.311,1,-120.0,0.0,
111.408,1,-120.0,0.0,
111.506,1,-120.0,0.0,
111.604,1,-120.0,0.0,
111.701,1,-120.0,0.0,
111.812,1,-120.0,0.0,
111.909,1,-120.0,0.0,
112.008,1,-120.0,0.0,
112.104,1,-120.0,0.0,
112.202,1,-120.0,0.0,
112.300,1,-120.0,0.0,
112.410,1,-120.0,0.0,
112.508,1,-120.0,0.0,
112.605,1,-120.0,0.0,
112.703,1,-120.0,0.0,
112.800,1,-120.0,0.0,
112.912,1,-120.0,0.0,
113.009,1,-120.0,0.0,
113.107,1,-120.0,0.0,
113.204,1,-120.0,0.0,
113.302,1,-120.0,0.0,
113.413,1,-120.0,0.0,
113.510,1,-120.0,0.0,
113.608,1,-120.0,0.0,
113.705,1,-120.0,0.0,
113.803,1,-120.0,0.0,
113.900,1,-120.0,0.0,
114.012,1,-120.0,0.0,
114.109,1,-120.0,0.0,
114.206,1,-120.0,0.0,
114.304,1,-120.0,0.0,
114.402,1,-120.0,0.0,
114.512,1,-120.0,0.0,
114.610,1,-120.0,0.0,
114.708,1,-120.0,0.0,
114.805,1,-120.0,0.0,
114.903,1,-120.0,0.0,
115.000,1,-120.0,0.0,
115.111,1,-120.0,0.0,
115.209,1,-120.0,0.0,
115.307,1,-120.0,0.0,
115.404,1,-120.0,0.0,
115.500,1,-120.0,0.0,
115.599,1,-120.0,0.0,
115.710,1,-120.0,0.0,
115.808,1,-120.0,0.0,
115.905,1,-120.0,0.0,
116.002,1,-120.0,0.0,
116.100,1,-120.0,0.0,
116.211,1,-120.0,0.0,
116.309,1,-120.0,0.0,
116.407,1,-120.0,0.0,
116.504,1,-120.0,0.0,
116.601,1,-120.0,0.0,
116.713,1,-120.0,0.0,
116.810,1,-120.0,0.0,
116.908,1,-120.0,0.0,
117.005,1,-120.0,0.0,
117.103,1,-120.0,0.0,
117.200,1,-120.0,0.0,
117.312,1,-120.0,0.0,
117.409,1,-120.0,0.0,
117.507,1,-120.0,0.0,
117.604,1,-120.0,0.0,
117.701,1,-120.0,0.0,
117.813,1,-120.0,0.0,
117.910,1,-120.0,0.0,
118.008,1,-120.0,0.0,
118.105,1,-120.0,0.0,
118.202,1,-120.0,0.0,
118.300,1,-120.0,0.0,
118.411,1,-120.0,0.0,
118.509,1,-120.0,0.0,
118.607,1,-120.0,0.0,
118.704,1,-120.0,0.0,
118.801,1,-120.0,0.0,
118.912,1,-120.0,0.0,
119.010,1,-120.0,0.0,
119.108,1,-120.0,0.0,
119.205,1,-120.0,0.0,
119.302,1,-120.0,0.0,
119.400,1,-96.9,0.0,
119.511,1,-32.6,0.0,
119.608,1,-31.1,0.0,
119.706,1,-61.3,0.0,
119.803,1,-13.2,0.0,
119.901,1,-15.4,0.0,
120.012,1,-19.3,0.0,
120.110,1,-32.8,0.0,
120.207,1,-17.4,0.0,
120.305,1,-17.4,0.0,
120.402,1,-31.1,0.0,
120.500,1,-19.3,0.0,
120.611,1,-16.3,0.0,
120.709,1,-20.7,0.0,
120.806,1,-23.1,0.0,
120.904,1,-29.8,0.0,
121.001,1,-59.2,0.0,
121.112,1,-90.5,0.0,
121.209,1,-106.3,0.0,
121.307,1,-120.0,0.0,
121.405,1,-120.0,0.0,
121.502,1,-120.0,0.0,
121.599,1,-120.0,0.0,
121.710,1,-120.0,0.0,
121.808,1,-120.0,0.0,
121.905,0,-120.0,0.0,
122.003,0,-120.0,0.0,
122.100,0,-97.7,0.0,
122.212,0,-15.1,0.0,
122.310,0,-16.3,0.0,
122.407,0,-14.5,0.0,
122.504,0,-31.0,0.0,
122.602,0,-18.7,0.0,
122.699,0,-31.8,0.0,
122.811,0,-14.9,0.0,
122.908,0,-15.1,0.0,
123.006,0,-17.2,0.0,
123.103,0,-51.1,0.0,
123.201,0,-23.2,0.0,
123.312,0,-27.3,0.0,
123.410,0,-44.4,0.0,
123.506,0,-23.5,0.0,
123.604,0,-20.3,0.0,
123.702,0,-57.6,0.0,
123.800,0,-34.2,0.0,
123.910,0,-19.9,0.0,
124.008,0,-24.8,0.0,
124.105,0,-21.1,0.0,
124.203,0,-42.6,0.0,
124.301,0,-16.2,0.0,
124.412,0,-39.9,0.0,
124.509,0,-18.3,0.0,
124.607,0,-15.7,0.0,
124.704,0,-21.8,0.0,
124.801,0,-25.4,0.0,
124.899,0,-33.7,0.0,
125.011,0,-78.1,0.0,
125.108,0,-95.9,0.0,
125.206,0,-120.0,0.0,
125.303,0,-120.0,0.0,
125.401,0,-120.0,0.0,
125.512,0,-120.0,0.0,
125.609,0,-120.0,0.0,
125.707,0,-120.0,0.0,
125.804,0,-120.0,0.0,
125.901,0,-120.0,0.0,
125.999,0,-120.0,0.0,
126.110,0,-85.4,0.0,
126.208,0,-16.8,0.0,
126.305,0,-25.4,0.0,
126.403,0,-17.7,0.0,
126.500,0,-24.6,0.0,
126.611,0,-19.0,0.0,
126.709,0,-20.0,0.0,
126.806,0,-21.2,0.0,
126.904,0,-14.7,0.0,
127.001,0,-26.7,0.0,
127.113,0,-58.4,0.0,
127.210,0,-16.1,0.0,
127.307,0,-15.5,0.0,
127.405,0,-15.5,0.0,
127.503,0,-25.8,0.0,
127.600,0,-17.7,0.0,
127.711,0,-31.8,0.0,
127.808,0,-21.0,0.0,
127.906,0,-46.7,0.0,
128.003,0,-25.5,0.0,
128.101,0,-22.7,0.0,
128.212,0,-26.1,0.0,
128.310,0,-27.9,0.0,
128.408,0,-26.3,0.0,
128.505,0,-31.2,0.0,
128.603,0,-37.4,0.0,
128.700,0,-33.6,0.0,
128.811,0,-27.1,0.0,
128.909,0,-27.8,0.0,
129.006,0,-24.9,0.0,
129.104,0,-25.9,0.0,
129.200,0,-30.0,0.0,
129.312,0,-70.6,0.0,
129.410,0,-95.5,0.0,
129.507,0,-120.0,0.0,
129.604,0,-120.0,0.0,
129.702,0,-120.0,0.0,
129.800,0,-120.0,0.0,
129.911,0,-120.0,0.0,
130.008,0,-120.0,0.0,
130.106,0,-120.0,0.0,
130.203,0,-120.0,0.0,
130.301,0,-120.0,0.0,
130.413,0,-120.0,0.0,
130.510,0,-120.0,0.0,
130.607,0,-120.0,0.0,
130.704,0,-120.0,0.0,
130.802,0,-120.0,0.0,
130.900,0,-120.0,0.0,
131.011,0,-120.0,0.0,
131.108,0,-120.0,0.0,
131.206,0,-120.0,0.0,
131.304,0,-120.0,0.0,
131.401,0,-120.0,0.0,
131.512,0,-120.0,0.0,
131.610,0,-120.0,0.0,
131.707,0,-120.0,0.0,
131.805,0,-120.0,0.0,
131.902,0,-120.0,0.0,
132.000,0,-120.0,0.0,
132.111,0,-120.0,0.0,
132.208,0,-120.0,0.0,
132.306,0,-120.0,0.0,
132.404,0,-120.0,0.0,
132.501,0,-120.0,0.0,
132.612,0,-120.0,0.0,
132.709,0,-120.0,0.0,
132.807,0,-120.0,0.0,
132.904,0,-120.0,0.0,
133.002,0,-120.0,0.0,
133.099,0,-120.0,0.0,
133.210,0,-120.0,0.0,
133.308,0,-120.0,0.0,
133.405,0,-120.0,0.0,
133.503,0,-120.0,0.0,
133.600,0,-120.0,0.0,
133.711,0,-120.0,0.0,
133.810,0,-120.0,0.0,
133.907,0,-120.0,0.0,
134.004,0,-120.0,0.0,
134.101,0,-120.0,0.0,
134.199,0,-120.0,0.0,
134.311,0,-120.0,0.0,
134.409,0,-120.0,0.0,
134.505,0,-120.0,0.0,
134.603,0,-120.0,0.0,
134.700,0,-120.0,0.0,
134.812,0,-120.0,0.0,
134.910,0,-120.0,0.0,
135.007,0,-120.0,0.0,
135.104,0,-120.0,0.0,
135.202,0,-120.0,0.0,
135.314,0,-120.0,0.0,
135.410,0,-120.0,0.0,
135.508,0,-120.0,0.0,
135.605,0,-120.0,0.0,
135.702,0,-120.0,0.0,
135.800,0,-120.0,0.0,
135.912,0,-120.0,0.0,
136.009,0,-120.0,0.0,
136.106,0,-120.0,0.0,
136.204,0,-120.0,0.0,
136.301,0,-120.0,0.0,
136.412,0,-120.0,0.0,
136.510,0,-120.0,0.0,
136.607,0,-120.0,0.0,
136.705,0,-120.0,0.0,
136.802,0,-120.0,0.0,
136.900,0,-120.0,0.0,
137.011,0,-120.0,0.0,
137.109,0,-120.0,0.0,
137.206,0,-120.0,0.0,
137.304,0,-120.0,0.0,
137.403,0,-120.0,0.0,
137.513,0,-120.0,0.0,
137.610,0,-120.0,0.0,
137.708,0,-120.0,0.0,
137.806,0,-120.0,0.0,
137.901,0,-120.0,0.0,
137.999,0,-120.0,0.0,
138.111,0,-120.0,0.0,
138.209,0,-120.0,0.0,
138.306,0,-120.0,0.0,
138.403,0,-120.0,0.0,
138.500,0,-120.0,0.0,
138.612,0,-120.0,0.0,
138.709,0,-120.0,0.0,
138.807,0,-120.0,0.0,
138.904,0,-120.0,0.0,
139.002,0,-120.0,0.0,
139.113,0,-120.0,0.0,
139.211,0,-120.0,0.0,
139.308,0,-120.0,0.0,
139.405,0,-120.0,0.0,
139.503,0,-120.0,0.0,
139.601,0,-120.0,0.0,
139.711,0,-120.0,0.0,
139.809,0,-120.0,0.0,
139.907,0,-120.0,0.0,
140.005,0,-120.0,0.0,
140.102,0,-120.0,0.0,
140.200,0,-120.0,0.0,
140.311,0,-120.0,0.0,
140.408,0,-120.0,0.0,
140.506,0,-120.0,0.0,
140.604,0,-120.0,0.0,
140.701,0,-120.0,0.0,
140.812,0,-120.0,0.0,
140.910,0,-120.0,0.0,
141.007,0,-120.0,0.0,
141.105,0,-120.0,0.0,
141.201,0,-120.0,0.0,
141.314,0,-120.0,0.0,
141.410,0,-120.0,0.0,
141.508,0,-120.0,0.0,
141.606,0,-120.0,0.0,
141.703,0,-120.0,0.0,
141.801,0,-120.0,0.0,
141.911,0,-120.0,0.0,
142.009,0,-120.0,0.0,
142.106,0,-120.0,0.0,
142.204,0,-120.0,0.0,
142.302,0,-120.0,0.0,
142.413,0,-120.0,0.0,
142.511,0,-120.0,0.0,
142.608,0,-120.0,0.0,
142.705,0,-120.0,0.0,
142.803,0,-120.0,0.0,
142.901,0,-120.0,0.0,
143.012,0,-120.0,0.0,
143.109,0,-120.0,0.0,
143.207,0,-120.0,0.0,
143.305,0,-120.0,0.0,
143.402,0,-120.0,0.0,
143.513,0,-120.0,0.0,
143.610,0,-120.0,0.0,
143.708,0,-120.0,0.0,
143.805,0,-120.0,0.0,
143.902,0,-120.0,0.0,
144.001,0,-120.0,0.0,
144.111,0,-120.0,0.0,
144.209,0,-120.0,0.0,
144.307,0,-120.0,0.0,
144.404,0,-120.0,0.0,
144.501,0,-120.0,0.0,
144.612,0,-120.0,0.0,
144.711,0,-120.0,0.0,
144.808,0,-120.0,0.0,
144.905,0,-120.0,0.0,
145.002,0,-120.0,0.0,
145.100,0,-120.0,0.0,
145.212,0,-120.0,0.0,
145.309,0,-120.0,0.0,
145.406,0,-120.0,0.0,
145.505,0,-120.0,0.0,
145.601,0,-120.0,0.0,
145.713,0,-120.0,0.0,
145.811,0,-120.0,0.0,
145.908,0,-120.0,0.0,
146.006,0,-120.0,0.0,
146.103,0,-120.0,0.0,
146.200,0,-120.0,0.0,
146.312,0,-120.0,0.0,
146.410,0,-120.0,0.0,
146.506,0,-120.0,0.0,
146.604,0,-120.0,0.0,
146.701,0,-120.0,0.0,
146.812,0,-120.0,0.0,
146.910,0,-120.0,0.0,
147.008,0,-120.0,0.0,
147.105,0,-120.0,0.0,
147.202,0,-120.0,0.0,
147.301,0,-120.0,0.0,
147.411,0,-120.0,0.0,
147.509,0,-120.0,0.0,
147.607,0,-120.0,0.0,
147.703,0,-120.0,0.0,
147.801,0,-120.0,0.0,
147.913,0,-120.0,0.0,
148.009,0,-120.0,0.0,
148.107,0,-120.0,0.0,
148.205,0,-120.0,0.0,
148.303,0,-120.0,0.0,
148.400,0,-120.0,0.0,
148.511,0,-120.0,0.0,
148.609,0,-120.0,0.0,
148.706,0,-120.0,0.0,
148.804,0,-120.0,0.0,
148.901,0,-120.0,0.0,
149.013,0,-120.0,0.0,
149.109,0,-120.0,0.0,
149.207,0,-120.0,0.0,
149.305,0,-120.0,0.0,
149.402,0,-120.0,0.0,
149.514,0,-120.0,0.0,
149.611,0,-120.0,0.0,
149.708,0,-120.0,0.0,
149.806,0,-120.0,0.0,
149.903,0,-120.0,0.0,
150.001,0,-120.0,0.0,
150.112,0,-120.0,0.0,
150.209,0,-120.0,0.0,
150.307,0,-120.0,0.0,
150.405,0,-120.0,0.0,
150.502,0,-120.0,0.0,
150.614,0,-120.0,0.0,
150.710,0,-120.0,0.0,
150.808,0,-120.0,0.0,
150.906,0,-120.0,0.0,
151.003,0,-120.0,0.0,
151.101,0,-120.0,0.0,
151.212,0,-120.0,0.0,
151.310,0,-120.0,0.0,
151.408,0,-120.0,0.0,
151.505,0,-120.0,0.0,
151.603,0,-120.0,0.0,
151.714,0,-120.0,0.0,
151.811,0,-120.0,0.0,
151.908,0,-120.0,0.0,
152.006,0,-120.0,0.0,
152.104,0,-120.0,0.0,
152.201,0,-120.0,0.0,
152.312,0,-120.0,0.0,
152.410,0,-120.0,0.0,
152.507,0,-120.0,0.0,
152.605,0,-120.0,0.0,
152.702,0,-120.0,0.0,
152.813,0,-120.0,0.0,
152.911,0,-120.0,0.0,
153.008,0,-120.0,0.0,
153.106,0,-120.0,0.0,
153.203,0,-120.0,0.0,
153.300,0,-120.0,0.0,
153.412,0,-120.0,0.0,
153.510,0,-120.0,0.0,
153.607,0,-120.0,0.0,
153.704,0,-120.0,0.0,
153.802,0,-120.0,0.0,
153.913,0,-120.0,0.0,
154.011,0,-120.0,0.0,
154.108,0,-120.0,0.0,
154.206,0,-120.0,0.0,
154.303,0,-120.0,0.0,
154.401,0,-120.0,0.0,
154.512,0,-120.0,0.0,
154.609,0,-120.0,0.0,
154.707,0,-120.0,0.0,
154.805,0,-120.0,0.0,
154.902,0,-120.0,0.0,
155.013,0,-120.0,0.0,
155.110,0,-120.0,0.0,
155.208,0,-120.0,0.0,
155.306,0,-120.0,0.0,
155.403,0,-120.0,0.0,
155.501,0,-120.0,0.0,
155.612,0,-120.0,0.0,
155.710,0,-120.0,0.0,
155.806,0,-120.0,0.0,
155.904,0,-120.0,0.0,
156.001,0,-120.0,0.0,
156.113,0,-120.0,0.0,
156.210,0,-120.0,0.0,
156.307,0,-120.0,0.0,
156.405,0,-120.0,0.0,
156.502,0,-120.0,0.0,
156.613,0,-120.0,0.0,
156.711,0,-120.0,0.0,
156.808,0,-120.0,0.0,
156.906,0,-120.0,0.0,
157.003,0,-120.0,0.0,
157.101,0,-120.0,0.0,
157.213,0,-120.0,0.0,
157.310,0,-120.0,0.0,
157.408,0,-120.0,0.0,
157.506,0,-120.0,0.0,
157.603,0,-120.0,0.0,
157.714,0,-120.0,0.0,
157.811,0,-120.0,0.0,
157.909,0,-120.0,0.0,
158.006,0,-120.0,0.0,
158.104,0,-120.0,0.0,
158.201,0,-120.0,0.0,
158.312,0,-120.0,0.0,
158.410,0,-120.0,0.0,
158.507,0,-120.0,0.0,
158.604,0,-120.0,0.0,
158.703,0,-120.0,0.0,
158.814,0,-120.0,0.0,
158.911,0,-120.0,0.0,
159.008,0,-120.0,0.0,
159.106,0,-120.0,0.0,
159.203,0,-100.1,0.0,
159.301,0,-64.3,0.0,
159.413,0,-13.6,0.0,
159.510,0,-14.4,0.0,
159.607,0,-20.1,0.0,
159.705,0,-59.3,0.0,
159.802,0,-86.1,0.0,
159.913,0,-96.7,0.0,
160.011,0,-120.0,0.0,
160.108,0,-120.0,0.0,
160.206,0,-120.0,0.0,
160.304,0,-120.0,0.0,
160.401,0,-120.0,0.0,
160.512,0,-120.0,0.0,
160.609,0,-120.0,0.0,
160.707,0,-120.0,0.0,
160.805,0,-120.0,0.0,
160.905,0,-120.0,0.0,
161.002,0,-120.0,0.0,
161.110,0,-120.0,0.0,
161.208,0,-120.0,0.0,
161.306,0,-120.0,0.0,
161.403,0,-120.0,0.0,
161.514,0,-120.0,0.0,
161.612,0,-120.0,0.0,
161.709,0,-120.0,0.0,
161.806,0,-120.0,0.0,
161.904,0,-120.0,0.0,
162.001,0,-120.0,0.0,
162.113,0,-120.0,0.0,
162.210,0,-120.0,0.0,
162.308,0,-120.0,0.0,
162.405,0,-120.0,0.0,
162.503,0,-120.0,0.0,
162.614,0,-120.0,0.0,
162.711,0,-120.0,0.0,
162.808,0,-120.0,0.0,
162.906,0,-120.0,0.0,
163.003,0,-120.0,0.0,
163.101,0,-120.0,0.0,
163.213,0,-120.0,0.0,
163.311,0,-120.0,0.0,
163.408,0,-120.0,0.0,
163.505,0,-120.0,0.0,
163.602,0,-120.0,0.0,
163.714,0,-120.0,0.0,
163.812,0,-120.0,0.0,
163.909,0,-120.0,0.0,
164.007,0,-120.0,0.0,
164.104,0,-120.0,0.0,
164.202,0,-120.0,0.0,
164.313,0,-120.0,0.0,
164.410,0,-120.0,0.0,
164.508,0,-120.0,0.0,
164.605,0,-120.0,0.0,
164.702,0,-120.0,0.0,
164.814,0,-120.0,0.0,
164.911,0,-120.0,0.0,
165.009,0,-120.0,0.0,
165.106,0,-120.0,0.0,
165.203,0,-97.6,0.0,
165.301,0,-70.1,0.0,
165.412,0,-18.7,0.0,
165.510,0,-23.4,0.0,
165.607,0,-30.8,0.0,
165.705,0,-16.8,0.0,
165.803,0,-29.1,0.0,
165.914,0,-27.0,0.0,
166.011,0,-19.2,0.0,
166.109,0,-18.7,0.0,
166.206,0,-34.9,0.0,
166.303,0,-19.6,0.0,
166.415,0,-26.8,0.0,
166.512,0,-26.4,0.0,
166.609,0,-14.4,0.0,
166.707,0,-19.7,0.0,
166.804,0,-37.3,0.0,
166.902,0,-28.1,0.0,
167.014,0,-57.4,0.0,
167.111,0,-95.0,0.0,
167.208,0,-95.6,0.0,
167.305,0,-120.0,0.0,
167.403,0,-120.0,0.0,
167.501,0,-120.0,0.0,
167.612,0,-120.0,0.0,
167.710,0,-120.0,0.0,
167.807,0,-120.0,0.0,
167.904,0,-120.0,0.0,
168.001,0,-90.1,0.0,
168.113,0,-22.1,0.0,
168.211,0,-25.2,0.0,
168.308,0,-34.6,0.0,
168.405,0,-20.7,0.0,
168.503,0,-31.5,0.0,
168.614,0,-20.8,0.0,
168.711,0,-17.5,0.0,
168.809,0,-17.7,0.0,
168.906,0,-20.3,0.0,
169.004,0,-28.7,0.0,
169.102,0,-19.1,0.0,
169.213,0,-51.4,0.0,
169.310,0,-37.3,0.0,
169.408,0,-12.9,0.0,
169.505,0,-16.3,0.0,
169.603,0,-19.4,0.0,
169.714,0,-18.8,0.0,
169.812,0,-18.9,0.0,
169.909,0,-17.0,0.0,
170.006,0,-14.8,0.0,
170.104,0,-21.2,0.0,
170.215,0,-30.2,0.0,
170.313,0,-17.1,0.0,
170.410,0,-14.8,0.0,
170.508,0,-16.2,0.0,
170.605,0,-22.1,0.0,
170.702,0,-26.3,0.0,
170.814,0,-23.9,0.0,
170.912,0,-53.3,0.0,
171.009,0,-95.8,0.0,
171.106,0,-95.6,0.0,
171.204,0,-120.0,0.0,
171.302,0,-120.0,0.0,
171.412,0,-120.0,0.0,
171.510,0,-120.0,0.0,
171.607,0,-120.0,0.0,
171.705,0,-120.0,0.0,
171.802,0,-120.0,0.0,
171.914,0,-88.9,0.0,
172.011,0,-16.8,0.0,
172.109,0,-22.7,0.0,
172.206,0,-21.7,0.0,
172.304,0,-13.7,0.0,
172.415,0,-17.7,0.0,
172.513,0,-32.6,0.0,
172.611,0,-14.5,0.0,
172.707,0,-29.9,0.0,
172.805,0,-21.2,0.0,
172.902,0,-37.4,0.0,
173.013,0,-15.5,0.0,
173.111,0,-44.2,0.0,
173.208,0,-17.5,0.0,
173.306,0,-15.3,0.0,
173.403,0,-19.9,0.0,
173.515,0,-25.5,0.0,
173.612,0,-19.0,0.0,
173.709,0,-19.1,0.0,
173.806,0,-25.6,0.0,
173.904,0,-52.4,0.0,
174.002,0,-64.3,0.0,
174.113,0,-18.0,0.0,
174.211,0,-16.5,0.0,
174.308,0,-13.3,0.0,
174.406,0,-26.8,0.0,
174.503,0,-21.5,0.0,
174.615,0,-18.4,0.0,
174.712,0,-17.3,0.0,
174.809,0,-21.5,0.0,
174.907,0,-17.9,0.0,
175.004,0,-54.0,0.0,
175.102,0,-20.8,0.0,
175.213,0,-18.3,0.0,
175.311,0,-19.0,0.0,
175.408,0,-59.2,0.0,
175.505,0,-45.9,0.0,
175.603,0,-18.9,0.0,
175.715,0,-20.8,0.0,
175.812,0,-53.8,0.0,
175.909,0,-22.0,0.0,
176.007,0,-35.2,0.0,
176.104,0,-28.0,0.0,
176.215,0,-22.9,0.0,
176.313,0,-21.0,0.0,
176.410,0,-50.3,0.0,
176.507,0,-16.9,0.0,
176.605,0,-18.3,0.0,
176.702,0,-32.9,0.0,
176.814,0,-21.8,0.0,
176.911,0,-25.0,0.0,
177.009,0,-26.0,0.0,
177.107,0,-23.2,0.0,
177.204,0,-57.1,0.0,
177.302,0,-95.2,0.0,
177.413,0,-97.7,0.0,
177.511,0,-120.0,0.0,
177.608,0,-120.0,0.0,
177.706,0,-120.0,0.0,
177.803,0,-120.0,0.0,
177.914,0,-120.0,0.0,
178.012,0,-120.0,0.0,
178.109,0,-120.0,0.0,
178.206,0,-120.0,0.0,
178.304,0,-120.0,0.0,
178.416,0,-120.0,0.0,
178.513,0,-120.0,0.0,
178.610,0,-120.0,0.0,
178.708,0,-120.0,0.0,
178.805,0,-120.0,0.0,
178.903,0,-120.0,0.0,
179.013,0,-120.0,0.0,
179.111,0,-120.0,0.0,
179.209,0,-120.0,0.0,
179.307,0,-120.0,0.0,
179.403,0,-120.0,0.0,
179.515,0,-120.0,0.0,
179.612,0,-120.0,0.0,
179.710,0,-120.0,0.0,
179.807,0,-120.0,0.0,
179.905,0,-120.0,0.0,
180.002,0,-120.0,0.0,
180.113,0,-120.0,0.0,
180.211,0,-120.0,0.0,
180.309,0,-120.0,0.0,
180.406,0,-120.0,0.0,
180.503,0,-120.0,0.0,
180.615,0,-120.0,0.0,
180.712,0,-120.0,0.0,
180.810,0,-120.0,0.0,
180.908,0,-120.0,0.0,
181.005,0,-120.0,0.0,
181.103,0,-120.0,0.0,
181.214,0,-120.0,0.0,
181.311,0,-120.0,0.0,
181.409,0,-120.0,0.0,
181.507,0,-120.0,0.0,
181.604,0,-120.0,0.0,
181.716,0,-120.0,0.0,
181.813,0,-120.0,0.0,
181.909,0,-120.0,0.0,
182.007,0,-120.0,0.0,
182.104,0,-120.0,0.0,
182.203,0,-120.0,0.0,
182.314,0,-120.0,0.0,
182.411,0,-120.0,0.0,
182.509,0,-120.0,0.0,
182.606,0,-120.0,0.0,
182.703,0,-120.0,0.0,
182.815,0,-120.0,0.0,
182.912,0,-120.0,0.0,
183.010,0,-120.0,0.0,
183.108,0,-120.0,0.0,
183.204,0,-120.0,0.0,
183.316,0,-120.0,0.0,
183.414,0,-120.0,0.0,
183.510,0,-120.0,0.0,
183.609,0,-120.0,0.0,
183.706,0,-120.0,0.0,
183.804,0,-120.0,0.0,
183.915,0,-120.0,0.0,
184.012,0,-120.0,0.0,
184.110,0,-120.0,0.0,
184.208,0,-120.0,0.0,
184.305,0,-120.0,0.0,
184.402,0,-120.0,0.0,
184.513,0,-120.0,0.0,
184.611,0,-120.0,0.0,
184.709,0,-120.0,0.0,
184.805,0,-120.0,0.0,
184.903,0,-120.0,0.0,
185.015,0,-120.0,0.0,
185.113,0,-120.0,0.0,
185.210,0,-120.0,0.0,
185.307,0,-120.0,0.0,
185.404,0,-120.0,0.0,
185.516,0,-120.0,0.0,
185.613,0,-120.0,0.0,
185.711,0,-120.0,0.0,
185.808,0,-120.0,0.0,
185.906,0,-120.0,0.0,
186.002,0,-120.0,0.0,
186.115,0,-120.0,0.0,
186.212,0,-120.0,0.0,
186.309,0,-120.0,0.0,
186.406,0,-120.0,0.0,
186.504,0,-120.0,0.0,
186.616,0,-120.0,0.0,
186.714,0,-120.0,0.0,
186.810,0,-120.0,0.0,
186.908,0,-120.0,0.0,
187.005,0,-120.0,0.0,
187.103,0,-120.0,0.0,
187.215,0,-120.0,0.0,
187.312,0,-120.0,0.0,
187.410,0,-120.0,0.0,
187.507,0,-120.0,0.0,
187.604,0,-120.0,0.0,
187.716,0,-120.0,0.0,
187.813,0,-120.0,0.0,
187.910,0,-120.0,0.0,
188.008,0,-120.0,0.0,
188.105,0,-120.0,0.0,
188.202,0,-120.0,0.0,
188.314,0,-120.0,0.0,
188.412,0,-120.0,0.0,
188.509,0,-120.0,0.0,
188.606,0,-120.0,0.0,
188.703,0,-120.0,0.0,
188.815,0,-120.0,0.0,
188.913,0,-120.0,0.0,
189.010,0,-120.0,0.0,
189.107,0,-120.0,0.0,
189.205,0,-120.0,0.0,
189.303,0,-120.0,0.0,
189.414,0,-120.0,0.0,
189.512,0,-120.0,0.0,
189.609,0,-120.0,0.0,
189.706,0,-120.0,0.0,
189.804,0,-120.0,0.0,
189.916,0,-120.0,0.0,
190.013,0,-120.0,0.0,
190.110,0,-120.0,0.0,
190.207,0,-120.0,0.0,
190.305,0,-120.0,0.0,
190.416,0,-120.0,0.0,
190.515,0,-120.0,0.0,
190.611,0,-120.0,0.0,
190.709,0,-120.0,0.0,
190.806,0,-120.0,0.0,
190.904,0,-120.0,0.0,
191.015,0,-120.0,0.0,
191.112,0,-120.0,0.0,
191.209,0,-120.0,0.0,
191.307,0,-120.0,0.0,
191.405,0,-120.0,0.0,
191.516,0,-120.0,0.0,
191.613,0,-120.0,0.0,
191.711,0,-120.0,0.0,
191.808,0,-120.0,0.0,
191.906,0,-120.0,0.0,
192.003,0,-120.0,0.0,
192.114,0,-120.0,0.0,
192.212,0,-120.0,0.0,
192.310,0,-120.0,0.0,
192.407,0,-120.0,0.0,
192.505,0,-120.0,0.0,
192.616,0,-120.0,0.0,
192.714,0,-120.0,0.0,
192.811,0,-120.0,0.0,
192.909,0,-120.0,0.0,
193.006,0,-120.0,0.0,
193.103,0,-120.0,0.0,
193.215,0,-120.0,0.0,
193.313,0,-120.0,0.0,
193.410,0,-120.0,0.0,
193.507,0,-120.0,0.0,
193.605,0,-120.0,0.0,
193.717,0,-120.0,0.0,
193.814,0,-120.0,0.0,
193.912,0,-120.0,0.0,
194.008,0,-120.0,0.0,
194.106,0,-120.0,0.0,
194.203,0,-120.0,0.0,
194.315,0,-120.0,0.0,
194.412,0,-120.0,0.0,
194.510,0,-120.0,0.0,
194.608,0,-120.0,0.0,
194.705,0,-120.0,0.0,
194.816,0,-120.0,0.0,
194.913,0,-120.0,0.0,
195.011,0,-120.0,0.0,
195.108,0,-120.0,0.0,
195.206,0,-120.0,0.0,
195.304,0,-120.0,0.0,
195.415,0,-120.0,0.0,
195.513,0,-120.0,0.0,
195.610,0,-120.0,0.0,
195.707,0,-120.0,0.0,
195.805,0,-120.0,0.0,
195.916,0,-120.0,0.0,
196.013,0,-120.0,0.0,
196.111,0,-120.0,0.0,
196.208,0,-120.0,0.0,
196.305,0,-120.0,0.0,
196.418,0,-120.0,0.0,
196.515,0,-120.0,0.0,
196.612,0,-120.0,0.0,
196.710,0,-120.0,0.0,
196.807,0,-120.0,0.0,
196.904,0,-120.0,0.0,
197.016,0,-120.0,0.0,
197.113,0,-120.0,0.0,
197.210,0,-120.0,0.0,
197.308,0,-120.0,0.0,
197.406,0,-120.0,0.0,
197.517,0,-94.8,0.0,
197.614,0,-19.0,0.0,
197.712,0,-13.6,0.0,
197.809,0,-14.3,0.0,
197.906,0,-20.0,0.0,
198.005,0,-59.3,0.0,
198.116,0,-97.5,0.0,
198.213,0,-97.2,0.0,
198.311,0,-120.0,0.0,
198.408,0,-120.0,0.0,
198.506,0,-120.0,0.0,
198.603,0,-120.0,0.0,
198.715,0,-120.0,0.0,
198.812,0,-120.0,0.0,
198.910,0,-120.0,0.0,
199.007,0,-120.0,0.0,
199.105,0,-120.0,0.0,
199.216,0,-120.0,0.0,
199.313,0,-120.0,0.0,
199.411,0,-120.0,0.0,
199.509,0,-120.0,0.0,
199.606,0,-120.0,0.0,
199.703,0,-120.0,0.0,
199.815,0,-120.0,0.0,
199.912,0,-120.0,0.0,
200.010,0,-120.0,0.0,
200.107,0,-120.0,0.0,
200.205,0,-120.0,0.0,
200.316,0,-120.0,0.0,
200.413,0,-120.0,0.0,
200.511,0,-120.0,0.0,
200.608,0,-120.0,0.0,
200.705,0,-120.0,0.0,
200.818,0,-120.0,0.0,
200.914,0,-120.0,0.0,
201.012,0,-120.0,0.0,
201.109,0,-120.0,0.0,
201.207,0,-120.0,0.0,
201.304,0,-120.0,0.0,
201.416,0,-120.0,0.0,
201.513,0,-120.0,0.0,
201.611,0,-120.0,0.0,
201.708,0,-120.0,0.0,
201.806,0,-120.0,0.0,
201.917,0,-120.0,0.0,
202.014,0,-120.0,0.0,
202.111,0,-96.8,0.0,
202.209,0,-31.6,0.0,
202.306,0,-23.4,0.0,
202.404,0,-67.2,0.0,
202.516,0,-13.7,0.0,
202.613,0,-15.5,0.0,
202.710,0,-16.9,0.0,
202.808,0,-32.9,0.0,
202.905,0,-18.6,0.0,
203.016,0,-19.5,0.0,
203.114,0,-31.2,0.0,
203.211,0,-19.5,0.0,
203.308,0,-16.2,0.0,
203.407,0,-20.6,0.0,
203.504,0,-23.0,0.0,
203.615,0,-30.0,0.0,
203.712,0,-59.3,0.0,
203.810,0,-89.1,0.0,
203.906,0,-98.7,0.0,
204.005,0,-120.0,0.0,
204.117,0,-120.0,0.0,
204.214,0,-120.0,0.0,
204.312,0,-120.0,0.0,
204.409,0,-120.0,0.0,
204.506,0,-120.0,0.0,
204.604,0,-108.1,0.0,
204.715,0,-51.8,0.0,
204.812,0,-28.1,0.0,
204.910,0,-13.7,0.0,
205.007,0,-14.1,0.0,
205.104,0,-21.8,0.0,
205.216,0,-18.6,0.0,
205.314,0,-19.0,0.0,
205.411,0,-21.7,0.0,
205.508,0,-53.7,0.0,
205.606,0,-27.1,0.0,
205.703,0,-18.2,0.0,
205.814,0,-31.6,0.0,
205.912,0,-20.7,0.0,
206.009,0,-23.0,0.0,
206.107,0,-18.9,0.0,
206.204,0,-15.9,0.0,
206.316,0,-20.0,0.0,
206.413,0,-20.1,0.0,
206.511,0,-23.6,0.0,
206.609,0,-48.9,0.0,
206.706,0,-90.7,0.0,
206.804,0,-97.1,0.0,
206.915,0,-120.0,0.0,
207.012,0,-120.0,0.0,
207.109,0,-120.0,0.0,
207.207,0,-120.0,0.0,
207.304,0,-120.0,0.0,
207.416,0,-120.0,0.0,
207.513,0,-120.0,0.0,
207.611,0,-68.5,0.0,
207.708,0,-14.9,0.0,
207.805,0,-15.4,0.0,
207.917,0,-14.8,0.0,
208.014,0,-17.0,0.0,
208.112,0,-17.6,0.0,
208.209,0,-28.6,0.0,
208.307,0,-30.7,0.0,
208.404,0,-14.7,0.0,
208.515,0,-16.0,0.0,
208.613,0,-18.5,0.0,
208.710,0,-27.9,0.0,
208.808,0,-18.0,0.0,
208.905,0,-19.3,0.0,
209.016,0,-33.5,0.0,
209.114,0,-21.1,0.0,
209.211,0,-66.7,0.0,
209.309,0,-18.1,0.0,
209.406,0,-40.3,0.0,
209.518,0,-14.5,0.0,
209.615,0,-15.2,0.0,
209.712,0,-42.5,0.0,
209.810,0,-16.4,0.0,
209.907,0,-14.9,0.0,
210.005,0,-27.3,0.0,
210.117,0,-20.2,0.0,
210.214,0,-15.8,0.0,
210.311,0,-28.9,0.0,
210.409,0,-21.1,0.0,
210.506,0,-18.4,0.0,
210.618,0,-18.5,0.0,
210.715,0,-20.9,0.0,
210.813,0,-23.7,0.0,
210.910,0,-55.1,0.0,
211.007,0,-31.9,0.0,
211.105,0,-37.8,0.0,
211.216,0,-37.9,0.0,
211.314,0,-19.4,0.0,
211.411,0,-15.9,0.0,
211.509,0,-16.6,0.0,
211.606,0,-57.8,0.0,
211.704,0,-19.5,0.0,
211.815,0,-56.8,0.0,
211.912,0,-24.0,0.0,
212.010,0,-34.8,0.0,
212.108,0,-20.0,0.0,
212.205,0,-32.0,0.0,
212.316,0,-28.6,0.0,
212.414,0,-53.4,0.0,
212.511,0,-26.3,0.0,
212.608,0,-18.6,0.0,
212.706,0,-27.2,0.0,
212.817,0,-25.1,0.0,
212.915,0,-26.1,0.0,
213.012,0,-61.0,0.0,
213.110,0,-95.5,0.0,
213.207,0,-120.0,0.0,
213.304,0,-120.0,0.0,
213.416,0,-120.0,0.0,
213.513,0,-120.0,0.0,
213.611,0,-120.0,0.0,
213.708,0,-120.0,0.0,
213.806,0,-120.0,0.0,
213.917,0,-120.0,0.0,
214.015,0,-120.0,0.0,
214.112,0,-120.0,0.0,
214.210,0,-120.0,0.0,
214.307,0,-120.0,0.0,
214.406,0,-120.0,0.0,
214.516,0,-120.0,0.0,
214.614,0,-120.0,0.0,
214.710,0,-120.0,0.0,
214.809,0,-120.0,0.0,
214.909,0,-120.0,0.0,
215.006,0,-120.0,0.0,
215.117,0,-120.0,0.0,
215.214,0,-120.0,0.0,
215.311,0,-120.0,0.0,
215.409,0,-120.0,0.0,
215.506,0,-120.0,0.0,
215.617,0,-120.0,0.0,
215.714,0,-120.0,0.0,
215.813,0,-120.0,0.0,
215.908,0,-120.0,0.0,
216.006,0,-120.0,0.0,
216.117,0,-120.0,0.0,
216.217,0,-120.0,0.0,
216.314,0,-120.0,0.0,
216.412,0,-120.0,0.0,
216.510,0,-120.0,0.0,
216.607,0,-120.0,0.0,
216.705,0,-120.0,0.0,
216.815,0,-120.0,0.0,
216.913,0,-120.0,0.0,
217.010,0,-120.0,0.0,
217.105,0,-120.0,0.0,
217.216,0,-120.0,0.0,
217.314,0,-120.0,0.0,
217.411,0,-120.0,0.0,
217.509,0,-120.0,0.0,
217.606,0,-120.0,0.0,
217.718,0,-120.0,0.0,
217.815,0,-120.0,0.0,
217.913,0,-120.0,0.0,
218.010,0,-120.0,0.0,
218.107,0,-120.0,0.0,
218.204,0,-120.0,0.0,
218.316,0,-120.0,0.0,
218.414,0,-120.0,0.0,
218.511,0,-120.0,0.0,
218.609,0,-120.0,0.0,
218.706,0,-120.0,0.0,
218.818,0,-120.0,0.0,
218.915,0,-120.0,0.0,
219.013,0,-120.0,0.0,
219.110,0,-120.0,0.0,
219.207,0,-120.0,0.0,
219.306,0,-120.0,0.0,
219.416,0,-120.0,0.0,
219.514,0,-120.0,0.0,
219.611,0,-120.0,0.0,
219.708,0,-120.0,0.0,
219.806,0,-120.0,0.0,
219.918,0,-120.0,0.0,
220.015,0,-120.0,0.0,
220.112,0,-120.0,0.0,
220.210,0,-120.0,0.0,
220.308,0,-120.0,0.0,
220.404,0,-120.0,0.0,
220.516,0,-120.0,0.0,
220.613,0,-120.0,0.0,
220.711,0,-120.0,0.0,
220.808,0,-120.0,0.0,
220.906,0,-120.0,0.0,
221.017,0,-120.0,0.0,
221.115,0,-120.0,0.0,
221.212,0,-120.0,0.0,
221.309,0,-120.0,0.0,
221.408,0,-120.0,0.0,
221.505,0,-120.0,0.0,
221.616,0,-120.0,0.0,
221.714,0,-120.0,0.0,
221.811,0,-120.0,0.0,
221.908,0,-120.0,0.0,
222.007,0,-120.0,0.0,
222.117,0,-120.0,0.0,
222.215,0,-120.0,0.0,
222.312,0,-120.0,0.0,
222.410,0,-120.0,0.0,
222.507,0,-120.0,0.0,
222.605,0,-120.0,0.0,
222.716,0,-120.0,0.0,
222.814,0,-120.0,0.0,
222.911,0,-120.0,0.0,
223.008,0,-120.0,0.0,
223.106,0,-120.0,0.0,
223.217,0,-120.0,0.0,
223.315,0,-120.0,0.0,
223.412,0,-120.0,0.0,
223.510,0,-120.0,0.0,
223.607,0,-120.0,0.0,
223.719,0,-120.0,0.0,
223.816,0,-120.0,0.0,
223.913,0,-120.0,0.0,
224.011,0,-120.0,0.0,
224.109,0,-120.0,0.0,
224.206,0,-120.0,0.0,
224.317,0,-120.0,0.0,
224.414,0,-120.0,0.0,
224.512,0,-120.0,0.0,
224.609,0,-120.0,0.0,
224.707,0,-120.0,0.0,
224.818,0,-120.0,0.0,
224.915,0,-120.0,0.0,
225.013,0,-120.0,0.0,
225.110,0,-120.0,0.0,
225.208,0,-120.0,0.0,
225.306,0,-120.0,0.0,
225.417,0,-120.0,0.0,
225.514,0,-120.0,0.0,
225.612,0,-120.0,0.0,
225.709,0,-120.0,0.0,
225.807,0,-120.0,0.0,
225.918,0,-120.0,0.0,
226.015,0,-120.0,0.0,
226.113,0,-120.0,0.0,
226.210,0,-96.6,0.0,
226.308,0,-30.7,0.0,
226.405,0,-23.3,0.0,
226.517,0,-61.3,0.0,
226.614,0,-13.6,0.0,
226.711,0,-14.9,0.0,
226.809,0,-16.8,0.0,
226.907,0,-32.8,0.0,
227.019,0,-17.5,0.0,
227.117,0,-17.5,0.0,
227.214,0,-24.4,0.0,
227.312,0,-19.4,0.0,
227.410,0,-16.1,0.0,
227.507,0,-20.0,0.0,
227.605,0,-23.0,0.0,
227.716,0,-29.9,0.0,
227.814,0,-60.8,0.0,
227.910,0,-89.4,0.0,
228.007,0,-98.4,0.0,
228.106,0,-120.0,0.0,
228.216,0,-120.0,0.0,
228.313,0,-120.0,0.0,
228.411,0,-120.0,0.0,
228.509,0,-120.0,0.0,
228.605,0,-120.0,0.0,
228.716,0,-120.0,0.0,
228.814,0,-120.0,0.0,
228.911,0,-96.9,0.0,
229.009,0,-38.0,0.0,
229.107,0,-26.9,0.0,
229.218,0,-16.1,0.0,
229.315,0,-15.4,0.0,
229.412,0,-19.2,0.0,
229.510,0,-30.5,0.0,
229.607,0,-19.1,0.0,
229.705,0,-17.0,0.0,
229.817,0,-14.8,0.0,
229.914,0,-24.7,0.0,
230.015,0,-37.6,0.0,
230.108,0,-12.6,0.0,
230.206,0,-13.5,0.0,
230.317,0,-25.4,0.0,
230.415,0,-16.3,0.0,
230.513,0,-19.8,0.0,
230.610,0,-28.1,0.0,
230.708,0,-17.3,0.0,
230.805,0,-22.2,0.0,
230.917,0,-28.5,0.0,
231.014,0,-29.4,0.0,
231.111,0,-55.8,0.0,
231.209,0,-87.5,0.0,
231.306,0,-100.0,0.0,
231.417,0,-120.0,0.0,
231.515,0,-120.0,0.0,
231.612,0,-120.0,0.0,
231.710,0,-120.0,0.0,
231.808,0,-120.0,0.0,
231.906,0,-120.0,0.0,
232.016,0,-96.3,0.0,
232.114,0,-39.2,0.0,
232.212,0,-25.2,0.0,
232.308,0,-16.8,0.0,
232.406,0,-20.6,0.0,
232.518,0,-19.3,0.0,
232.614,0,-26.2,0.0,
232.712,0,-22.9,0.0,
232.810,0,-22.4,0.0,
232.908,0,-28.4,0.0,
233.019,0,-18.1,0.0,
233.117,0,-33.8,0.0,
233.215,0,-29.1,0.0,
233.313,0,-15.6,0.0,
233.409,0,-25.5,0.0,
233.508,0,-20.9,0.0,
233.618,0,-17.3,0.0,
233.715,0,-19.1,0.0,
233.813,0,-41.8,0.0,
233.911,0,-27.3,0.0,
234.009,0,-42.0,0.0,
234.119,0,-95.3,0.0,
234.216,0,-96.2,0.0,
234.313,0,-120.0,0.0,
234.411,0,-120.0,0.0,
234.508,0,-120.0,0.0,
234.606,0,-120.0,0.0,
234.717,0,-120.0,0.0,
234.815,0,-120.0,0.0,
234.912,0,-120.0,0.0,
